ionel;ionel123;ionel@yahoo.com;17
nicu;nicu123;nicu@yahoo.com;18
vali;vali123;vali@yahoo.com;15
dinu;dina123;dina@yahoo.com;1
dorin;dorin123;dorin@yahoo.com;16
ana;ana23;ana@yahoo.com;15
corina;corina123;corina@yahoo.com;18